{"cameraMode":{"drawMode":0,"name":"Shaded","section":"Shading Mode"},"sceneLighting":true,"audioPlay":false,"sceneViewState":{"showFog":true,"showMaterialUpdate":false,"showSkybox":true,"showFlares":true,"showImageEffects":true,"showParticleSystems":true},"in2DMode":false,"pivot":{"x":12.432685852050782,"y":-5.61776065826416,"z":4.711406707763672},"rotation":{"x":0.5319644212722778,"y":0.029964830726385118,"z":-0.018841227516531946,"w":0.8460265398025513},"size":170.96473693847657,"orthographic":false}